seriesuid,coordX,coordY,coordZ,diameter_mm
LKDS-00539,-70.7218023969,-87.5886319944,36.5,9.40286380845
LKDS-00539,-61.1311050134,-182.264348878,85.5,8.81092220586
LKDS-00539,-89.4905598958,-217.165690104,120.5,3.37377204063
LKDS-00539,-41.6288174716,-91.4224076705,145.5,4.67697086892
LKDS-00539,114.13362069,-150.122710129,162.5,5.07718758587
LKDS-00539,106.281835938,-84.0375177557,186.5,5.31969575687
LKDS-00539,73.5663623216,-179.978816366,-5.5,19.67758397
LKDS-00340,-27.1423674589,55.5915790676,124.125,18.4454367369
LKDS-00737,-107.448860378,146.773222477,527.225036621,7.30990204336
LKDS-00008,-109.485943652,144.644992618,192.099975586,8.12129221655
LKDS-00685,-40.2569958496,182.665499237,325.049987793,8.47723632483
LKDS-00146,69.4418569712,103.248056265,593.041682317,20.501547925
LKDS-00791,-70.7469356142,-177.153297863,676.100006342,6.28813428823
LKDS-00409,106.53940636,-133.707492022,11.5,17.1613640378
LKDS-00311,-69.8891469595,25.7179054054,118.75,9.63185637789
LKDS-00228,-40.826545033,-102.017146744,419.100006104,14.2041558207
LKDS-00141,-64.7507370283,222.397700472,814.000061035,5.14427935852
LKDS-00415,35.7165971236,-82.1154119318,-23.900002718,6.4965290412
LKDS-00210,16.4385029561,198.13392103,395.099975586,5.85979466669
LKDS-00522,-88.7753780242,-101.092751386,103.600000381,19.5618447667
LKDS-00522,-101.32434304,-121.245117188,25.6000003815,5.95376001074
LKDS-00522,39.4053577451,-88.1053774168,27.6000003815,11.9107282124
LKDS-00522,87.0417480469,-129.849853516,31.6000003815,3.9619580521
LKDS-00522,43.3189912684,-67.083984375,79.6000003815,4.43047917327
LKDS-00686,-37.807861909,-111.434776312,-205.5,22.1998208189
LKDS-00858,45.6087943412,193.861116976,684.700012207,6.25013040611
LKDS-00858,-71.4380139803,119.450041118,763.700012207,9.85611645729
LKDS-00432,-102.359206559,51.1564529221,80.125,14.3223798262
LKDS-00367,-37.2980656802,50.7306194033,139.25,15.5431154804
LKDS-00433,-16.1722056698,24.9158798666,118.257462687,11.775936255
LKDS-00060,-88.6595788043,-84.5848505435,-488.999993443,8.13006219084
LKDS-00988,37.3412642045,121.283025568,518.100036621,7.97079955235
LKDS-00166,120.584875607,167.122108237,539.368238558,15.8918419833
LKDS-00793,80.6732964149,176.850480006,354.600006104,18.9499036425
LKDS-00391,-78.7111895161,201.408896169,1122.42504883,3.71224227774
LKDS-00391,88.6261003521,212.044509243,1195.55004883,5.734360884
LKDS-00327,95.5221589741,-121.972302889,1413.0000093,13.3423230646
LKDS-00157,-68.3829985119,192.691220238,822.499938965,8.52545544685
LKDS-00226,118.639385486,-10.5065918605,179.153266184,35.8346318605
LKDS-00928,-98.972692757,110.94031104,63.1999511719,11.0888935156
LKDS-00310,64.4479758523,-153.592684659,-9.9000005722,6.75849028427
LKDS-00715,74.4101193354,240.182260018,567.410003662,18.0103883653
LKDS-00729,74.5751037598,2.57599431818,357.478027344,8.94409798249
LKDS-00121,-76.2203802351,31.1294544453,123.0,29.146287043
LKDS-00958,86.5514612562,27.3449427481,52.875,29.0440592992
LKDS-00365,-113.929443359,91.0720214844,1022.20001221,5.31126770986
LKDS-00354,52.377214884,-97.6079655284,1175.79995334,7.0814265014
LKDS-00657,-86.6120518035,-130.130189502,1706.5,14.3099504687
LKDS-00877,-58.413697729,123.544405775,96.5599093351,19.162750731
LKDS-00017,69.6508661057,75.5843022716,190.666782636,33.7612404067
LKDS-00484,-67.2514608891,-25.9949954156,172.5,14.9221230549
LKDS-00484,18.6443609422,72.9889112903,247.5,3.96737426687
LKDS-00947,102.293861607,179.330357143,826.500061035,5.38196643146
LKDS-00401,-97.2890625,-89.94140625,499.300003767,3.6163774741
LKDS-00401,-96.8912760417,-89.666015625,499.900003791,3.7375847905
LKDS-00241,-104.823081635,36.325721547,195.25,14.0198859672
LKDS-00241,-102.799507936,-27.5412845876,85.25,3.0890146505
LKDS-00241,-76.8320685863,-60.971581098,99.0,4.24853306226
LKDS-00241,-85.4415939322,-66.1443406834,129.0,5.27486953073
LKDS-00926,103.812146348,118.702642747,933.700012207,13.2249253274
LKDS-00557,-81.4329848196,192.102351426,225.274548715,16.1594952135
LKDS-00636,77.9224016913,172.866136091,459.510009766,8.47712317989
LKDS-00006,70.7322162829,-112.209048623,-288.200001657,12.8801597499
LKDS-00123,50.4170103392,174.724166473,559.000061035,11.2882358407
LKDS-00680,-84.8313802083,136.556640625,-438.0,9.07937862621
LKDS-00138,-54.9276044187,88.790880965,233.25,6.99628473265
LKDS-00419,-85.0476292759,-146.573097327,-167.50000149,19.7576767977
LKDS-00419,-116.896484375,-126.497477214,-94.7000027299,8.38303210392
LKDS-00687,95.0096109874,173.414931966,385.200012207,7.57919617411
LKDS-00687,82.6279483371,229.277691735,453.200012207,4.64588014598
LKDS-00687,-106.810835848,167.247157657,465.200012207,7.55493173277
LKDS-00208,-83.0719369473,-13.0814849094,124.0,8.80392317898
LKDS-00324,-78.5971166707,-106.28750456,1228.40000272,12.9623513743
LKDS-00955,-97.3649102783,176.126407013,522.089996338,5.30253331628
LKDS-00621,-52.5533947842,-58.7501124101,1168.5,8.67901949788
LKDS-00577,-37.8772735596,146.80619812,625.099914551,11.6291827912
LKDS-00959,-91.3525705645,-159.055191532,-29.5999984741,6.81296508403
LKDS-00071,52.9941975121,178.911104369,666.500061035,7.0515275861
LKDS-00071,-94.5337171053,226.982730263,717.500061035,6.87786226195
LKDS-00602,-37.2446962554,191.336914062,921.399963379,11.7205704202
LKDS-00690,-88.5458149157,124.944792095,915.000061035,25.9329715345
LKDS-00032,-40.0890515734,180.993662587,-312.099975586,9.1148211795
LKDS-00343,-88.2826026364,170.115793875,205.099975586,22.6616839016
LKDS-00201,8.08739803485,64.6486662374,-691.09999907,18.2131154325
LKDS-00201,-8.09887552261,-16.1888788541,-616.699997962,27.2033316134
LKDS-00851,-84.2480134794,46.218610141,10.25,12.2186089218
LKDS-00851,105.400490165,-4.25341267056,166.5,3.11415039168
LKDS-00851,-64.0236885619,56.6567389111,17.75,6.3643171753
LKDS-00851,60.8368165746,49.7693330946,27.75,7.44089031641
LKDS-00851,38.2932321706,22.6469546358,34.0,22.0705124111
LKDS-00851,77.7039079243,20.4858292687,39.0,5.75373034207
LKDS-00851,-100.665640139,52.2341331913,65.25,5.86970654256
LKDS-00851,118.046978951,0.80572537865,81.5,4.04331217849
LKDS-00591,-104.151414138,108.997737004,911.599975586,14.4305528468
LKDS-00376,-47.8974580765,4.43036937714,32.375,17.1944286827
LKDS-00905,101.184972426,181.48035386,881.599914551,9.2905176168
LKDS-00785,-131.279775191,169.80205676,-298.200073242,8.09530731841
LKDS-00351,-50.7610973011,-103.09934304,-125.300000608,5.22373154905
LKDS-00351,-124.001973055,-157.307696907,-35.0000021458,5.61154556871
LKDS-00351,-111.242620154,-148.004961102,-7.70000261068,15.813153947
LKDS-00351,50.1059038521,-69.0122733953,37.7999966145,23.3041244116
LKDS-00351,-34.4464868473,-121.740683511,69.9999960661,10.8316880387
LKDS-00130,-9.24809555042,-25.2706955459,56.0,9.53107922443
LKDS-00437,-65.1671962453,-162.768102845,15.6999970675,9.0963809627
LKDS-00018,-138.03003876,20.7909399225,164.125,9.09487433927
LKDS-00372,122.787037037,-121.652777778,1748.5,9.69924436892
LKDS-00372,122.836167279,-121.616957721,1749.5,8.96120335858
LKDS-00318,-82.9033203125,-225.293945312,1081.70000613,6.35903427373
LKDS-00929,-73.855078125,201.246875,147.300048828,10.9597693214
LKDS-00806,43.6288820947,-109.553096704,125.599997163,12.1303201915
LKDS-00662,86.171474359,129.497070312,707.5,12.9556353387
LKDS-00538,-59.5705560662,141.700726103,714.099975586,28.0421799459
LKDS-00404,-48.2986278285,194.102646286,255.919998169,20.7086621137
LKDS-00799,-116.864210649,5.52556818182,423.25,8.08422101321
LKDS-00501,104.12703339,160.346479024,954.000061035,6.00069590054
LKDS-00853,70.0173760776,156.543709591,578.699951172,8.98182414016
LKDS-00504,82.1912848531,76.0082459418,79.25,5.02149402547
LKDS-00080,53.4273830935,33.2795638489,48.0,20.5855779049
LKDS-00766,96.2747811444,30.3000605873,218.25,13.7928514429
LKDS-00943,-63.8755900057,68.1721103907,-570.0,14.1405313258
LKDS-00045,78.1907269022,232.349694293,-467.299926758,7.59011562526
LKDS-00520,128.865039062,-116.356835937,1390.50000954,7.55922780771
LKDS-00250,-111.715361003,34.4847877272,227.25,4.08360146695
LKDS-00250,-57.7842623305,-28.0634240061,113.5,25.1044627549
LKDS-00009,-76.99375,214.9953125,626.200012207,4.66190538475
LKDS-00282,-68.5982481971,-87.9222445913,44.9000015259,17.3506823477
LKDS-00070,69.6264014888,-67.4061181705,1625.0,20.5303784592
LKDS-00468,-58.5789785257,-87.1791682221,142.564454819,29.1527420641
LKDS-00584,-70.6732463431,121.511303191,888.000061035,4.68578527542
LKDS-00464,-101.237486374,-93.1074900073,1598.20005512,5.28016382618
LKDS-00617,79.4665384242,-127.623870795,67.0999984741,20.4034217891
LKDS-00125,43.2796539395,65.2435524361,221.236816406,17.1889263023
LKDS-00747,-15.5670362903,-73.6839717742,1585.0,4.05580323331
LKDS-00616,-84.8870185213,175.800675177,803.599975586,30.8413052484
LKDS-00774,-57.8157838983,-148.335699153,-17.8000027537,14.0862336619
LKDS-00024,-66.8463675902,119.005315722,-390.099975586,6.99843480745
LKDS-00163,-82.1863528165,-44.9928977273,205.617919922,6.55186613897
LKDS-00913,-79.2154153963,167.540348704,566.900024414,6.16516274532
LKDS-00913,46.23046875,214.92578125,616.900024414,4.37726643304
LKDS-00913,-38.8438265931,226.525237439,637.525024414,12.5517471063
LKDS-00652,-86.1864613987,-5.87724225367,106.25,7.70724701574
LKDS-00197,-88.6613503406,-78.7362232178,253.099998474,18.0361746161
LKDS-00881,-30.0945378151,-52.5407037815,110.625,8.705367045
LKDS-00672,-69.3857085129,189.102320178,552.599975586,15.3792212006
LKDS-00002,103.620022958,-131.044921875,136.699997485,13.0647930604
LKDS-00720,-90.9720932904,-181.04118796,1095.40000534,6.70225619037
LKDS-00128,-86.4352751359,-72.9381793478,-437.5,12.2333927864
LKDS-00128,121.935234375,-105.453828125,-381.5,4.01520022072
LKDS-00999,-47.1495921098,-77.3996082959,1626.69995117,16.5761279695
LKDS-00532,45.1539506903,61.7178041895,-505.999998748,24.5132928913
LKDS-00268,-28.817845459,102.05203125,442.549987793,10.3053891301
LKDS-00508,-68.4166316543,121.788544145,-102.699951172,12.8695290801
LKDS-00695,-73.8838833896,172.277671467,439.679992676,7.62705104168
LKDS-00695,-96.9496716951,153.216631638,513.679992676,7.26140002606
LKDS-00861,65.6865808824,212.030560662,322.174987793,6.36983053413
LKDS-00688,-66.1987687212,-217.306991647,457.399995685,11.0452804129
LKDS-00172,65.883047397,-110.796553104,-25.2000009418,12.5735353911
LKDS-00148,61.3440904018,-115.938476562,126.899996817,9.69326441206
LKDS-00627,51.2998052979,241.006639099,437.109985352,5.99186734243
LKDS-00627,48.2406719066,233.221019886,447.109985352,9.27895487008
LKDS-00552,-58.4617175569,34.028688407,-301.0,9.71516617487
LKDS-00243,60.2608527417,-88.7574255601,2.5,14.9422540012
LKDS-00588,69.2163237578,209.925029115,192.431872201,17.4858644479
LKDS-00048,79.6510492369,242.874931868,640.874938965,9.5794518561
LKDS-00344,-38.6067504883,91.1525878906,60.6999511719,5.53038640069
LKDS-00276,-130.30923131,-49.0394439135,238.5,7.79856188497
LKDS-00645,-80.7904052734,188.84375,106.099975586,10.659319553
LKDS-00338,-88.8313210227,227.931107955,342.849975586,5.24314310688
LKDS-00370,28.6399739583,138.143229167,908.399963379,5.87301219742
LKDS-00618,-132.131747159,156.613458807,873.899963379,3.37017855258
LKDS-00618,18.9763445547,158.346180928,804.899963379,10.9479037109
LKDS-00972,-79.4319661458,-191.099934896,23.8000030518,7.10738642156
LKDS-00055,-90.8353001645,-186.864823191,91.2000066042,7.24447840652
LKDS-00055,-90.6997767857,-187.291852679,91.800006628,7.35011550577
LKDS-00607,-36.0553137738,69.6828400985,118.054077148,11.4312209082
LKDS-00607,-84.9917950496,23.1137558411,144.054077148,11.1443413661
LKDS-00113,-59.9669438412,38.7145748988,85.0,11.2934458038
LKDS-00479,-73.2479016392,210.580102588,1070.18054948,30.4741653281
LKDS-00679,86.0070292559,100.857396395,490.590445204,13.1925722256
LKDS-00554,-84.0797851562,150.057910156,-0.699951171875,5.9970512074
LKDS-00735,-18.2441194615,-19.7839932353,46.375,19.4164262162
LKDS-00735,115.886762804,7.398600986,46.375,7.02888852149
LKDS-00380,-83.4657363016,80.8834654004,227.25,19.1361567948
LKDS-00380,-76.6350272473,60.6897582938,91.0,6.9842098324
LKDS-00380,-90.0602075734,89.9451623835,134.75,5.07599977985
LKDS-00748,-51.5740174616,-1.93314042793,26.0,19.2565078201
LKDS-00234,-85.7493525954,209.939965957,927.700073242,22.5679351029
LKDS-00644,-45.2772768622,173.401621361,645.0,17.5580386455
LKDS-00860,-93.059387207,-124.786499023,1780.80000234,5.95710050574
LKDS-00153,-90.6919644004,34.1103001645,65.0,13.6581819692
LKDS-00932,79.1139534294,-123.614803166,209.899997175,11.9692203149
LKDS-00769,-64.9190290179,-110.315345982,1410.50000167,7.00513188015
LKDS-00069,-61.5275201613,-116.010181452,1561.0,12.988705897
LKDS-00590,40.731640625,-89.43046875,520.100003123,3.69488638036
LKDS-00425,-47.4743586312,19.6287615403,84.75,11.6160051005
LKDS-00425,73.6100668343,-5.22183350594,83.5,6.9886950244
LKDS-00317,-91.4348671531,150.503648128,942.400024414,10.5776996186
LKDS-00086,46.8301654412,84.2489403579,77.5999755859,23.9372060397
LKDS-00656,-36.2279612344,-101.465407419,1294.90000862,14.4139295999
LKDS-00993,-73.9308488176,-179.087098818,1418.09997559,4.86307930469
LKDS-00850,-39.3417787064,135.091442587,800.200073242,18.981699808
LKDS-00850,-75.0430698299,149.197112375,802.200073242,19.4073271999
LKDS-00637,71.1263817702,222.568428703,894.599975586,26.7333179195
LKDS-00978,-80.3777597854,197.128316604,779.83001709,12.4819942223
LKDS-00704,-48.0325964384,-115.632535093,-113.0,15.8159026878
LKDS-00704,17.4915660511,-160.258197206,-15.0,7.56292654992
LKDS-00704,-84.022051191,-134.999624399,-209.0,15.7078925121
LKDS-00704,-88.0185546875,-158.994070871,-206.0,3.88598244016
LKDS-00704,40.0356445312,-79.0698242188,-172.0,3.4947331173
LKDS-00704,-79.6345703125,-94.5603515625,-167.0,4.24674795156
LKDS-00987,107.088373541,-157.112476391,114.599998474,7.90017593742
LKDS-00758,-97.306901738,-108.27799131,1524.5,9.91835353974
LKDS-00524,-66.185285629,186.395899682,532.399963379,11.0000051903
LKDS-00594,-68.9189453125,-187.679199219,630.000001431,4.3798828125
LKDS-00067,-109.586294959,-199.363686616,-115.399993896,17.1653511496
LKDS-00693,-42.1222585042,216.7148482,171.849998474,9.99325811112
LKDS-00190,-115.286107513,104.073510363,597.799987793,10.2124990659
LKDS-00483,-77.7147454222,-11.8253292243,144.0,13.8389893964
LKDS-00908,-17.6965529983,-113.492530617,-216.10000056,14.7548769815
LKDS-00908,-92.9824084974,-76.33934878,-33.4000036716,6.65820540012
LKDS-00353,39.5849112114,78.9172542623,72.625,13.9606595281
LKDS-00724,-50.6767208615,-69.7594911318,663.900024414,13.8783321505
LKDS-00724,81.4036679025,-82.9314171743,693.900024414,17.5393399571
LKDS-00597,-50.611328125,114.388671875,501.525024414,6.15758085631
LKDS-00597,73.5783222854,196.983467487,537.150024414,7.20430791298
LKDS-00145,-49.925593195,212.907083695,560.020591251,34.5918979287
LKDS-00072,67.4600713253,77.6854602098,145.25,4.62725622308
LKDS-00072,-37.9504682478,56.4577161143,149.0,13.8239669455
LKDS-00072,30.4563476693,73.2088455468,94.0,18.2757050635
LKDS-00072,65.6608053373,51.3380119509,99.0,7.20244136647
LKDS-00072,53.7882008359,40.8007067539,116.5,4.50863009971
LKDS-00664,-123.931977371,-141.449039152,1784.90000856,6.64053726491
LKDS-00505,-59.3733316275,173.632210776,326.640014648,9.4149410525
LKDS-00505,-99.775755169,149.280500813,445.640014648,8.80222206712
LKDS-00869,118.728010506,187.961072198,1034.79998779,6.73579442013
LKDS-00869,-86.9127939755,155.879731798,896.799987793,8.736990994
LKDS-00288,-39.7457119556,182.777974879,-333.188774887,24.7707360553
LKDS-00960,126.206140721,-5.9997470329,219.625,15.6155418212
LKDS-00329,-74.5446892866,43.6064018219,136.25,27.6899082046
LKDS-00014,-59.2087739681,125.583714505,285.0,15.4284318131
LKDS-00059,109.077100093,207.48410427,879.399963379,7.18957195135
LKDS-00059,-24.6064453125,200.155273438,801.399963379,5.92259964749
LKDS-00387,-75.4859858332,60.5067567568,95.125,13.0694197908
LKDS-00430,-81.0931838768,97.6282269022,-409.099975586,6.93314059975
LKDS-00761,-74.0383155346,15.7757035654,113.75,10.7795428008
LKDS-00115,-75.996156335,-155.035754941,9.09999847412,23.3069782385
LKDS-00971,-98.0926339286,-142.525669643,1550.0,3.86445368867
LKDS-00202,33.2315596847,-137.017501877,686.299987793,13.5364286924
LKDS-00828,-106.656235315,-151.723493304,82.799998045,11.4064189103
LKDS-00889,30.7340154997,146.505169814,-34.4000244141,13.6179295455
LKDS-00233,-62.1860033525,-113.465202945,-168.399993896,17.3518548805
LKDS-00255,51.4412959406,165.753653187,917.099914551,16.8965735013
LKDS-00654,-37.3046875,-49.4140625,359.125,7.51382189909
LKDS-00560,-82.8300848172,3.29244051308,88.75,4.16171528652
LKDS-00560,-89.0226364326,42.313345623,102.5,21.991861482
LKDS-00560,-100.032496929,-11.1376624107,151.25,4.22936798278
LKDS-00560,-33.4024488926,67.2384719849,45.0,3.52697447507
LKDS-00560,-17.3305189013,35.2381370068,50.0,3.8147596208
LKDS-00411,-54.3500240796,215.019598138,248.400024414,12.3188344944
LKDS-00411,-72.2759915865,158.642202524,305.400024414,4.98780682449
LKDS-00902,104.395068517,123.442828428,584.362735006,19.2701880951
LKDS-00170,-108.764796402,161.799597538,983.299926758,10.9064491361
LKDS-00177,87.212890625,162.244650136,886.099914551,7.30064369645
LKDS-00542,-58.9329333408,-158.726379834,172.999998331,9.331535438
LKDS-00161,-91.2077242944,-129.558625252,32.6999982595,13.9877103298
LKDS-00864,77.1092168414,4.14245411706,174.5,14.4626808554
LKDS-00570,-75.3992919922,238.30329895,194.724975586,11.2967527665
LKDS-00570,96.3452785326,217.390879755,269.724975586,4.60107130749
LKDS-00010,-111.182779948,217.531738281,-275.400024414,4.43397444007
